<?xml version="1.0"?>
<!--
Licensed to the Apache Software Foundation (ASF) under one or more
contributor license agreements.  See the NOTICE file distributed with
this work for additional information regarding copyright ownership.
The ASF licenses this file to You under the Apache License, Version 2.0
(the "License"); you may not use this file except in compliance with
the License.  You may obtain a copy of the License at

     http://www.apache.org/licenses/LICENSE-2.0

Unless required by applicable law or agreed to in writing, software
distributed under the License is distributed on an "AS IS" BASIS,
WITHOUT WARRANTIES OR CONDITIONS OF ANY KIND, either express or implied.
See the License for the specific language governing permissions and
limitations under the License.
-->
<document>
 <properties>
  <title>Home</title>
  <author email="dev@commons.apache.org">Commons Documentation Team</author>
 </properties>
<body>
<!-- ================================================== -->
<section name="Commons IO">
<p>
Commons IO is a library of utilities to assist with developing IO functionality.
</p>
<p>
There are four main areas included:
<ul>
<li>Utility classes - with static methods to perform common tasks</li>
<li>Filters - various implementations of file filters</li>
<li>Comparators - various implementations of <code>java.util.Comparator</code> for files</li>
<li>Streams - useful stream, reader and writer implementations</li>
</ul>
</p>
</section>
<!-- ================================================== -->
<section name="Documentation">
<p>
A getting started <a href="description.html">user guide</a> is available,
as are some IO <a href="bestpractices.html">best practices</a>
and various <a href="project-reports.html">project reports</a>.
</p>
<p>
The JavaDoc API documents are available online:
</p>
<ul>
<li>The <a href="api-release/index.html">current release 1.4</a></li>
<li>The <a href="api-1.3.2/index.html">previous version 1.3.2</a></li>
<li>The <a href="api-1.3.1/index.html">previous version 1.3.1</a></li>
<li>The <a href="api-1.3/index.html">previous version 1.3</a></li>
<li>The <a href="api-1.2/index.html">previous version 1.2</a></li>
<li>The <a href="api-1.1/index.html">previous version 1.1</a></li>
<li>The <a href="apidocs/index.html">latest SVN</a></li>
</ul>
<p>
The <a href="source-repository.html">subversion repository</a> can be
<a href="http://svn.apache.org/viewvc/commons/proper/io/trunk/">browsed</a>.
</p>
</section>
<!-- ================================================== -->
<section name="Releases">
<p>
The latest version is v1.4. - 
<a href="http://commons.apache.org/downloads/download_io.cgi">Download now!</a><br />
The <a href="upgradeto1_4.html">upgrade notes</a> are also available.

</p>
<p>
For previous releases, see the <a href="http://archive.apache.org/dist/commons/io/">Apache Archive</a>
</p>
</section>
<!-- ================================================== -->
<section name="Support">
<p>
The <a href="mail-lists.html">commons mailing lists</a> act as the main support forum.
The user list is suitable for most library usage queries.
The dev list is intended for the development discussion.
Please remember that the lists are shared between all commons components,
so prefix your email by [io].
</p>
<p>
Issues may be reported via <a href="issue-tracking.html">ASF JIRA</a>.
Please read the instructions carefully to submit a useful bug report or enhancement request.
</p>
</section>
<!-- ================================================== -->
</body>
</document>
